ID,Nome,Toponimo odierno,Comune,Provincia,Tipologia di Edificio,Descrizione,Dati sulla proprietà,Stato di conservazione,Fonti Storiche,Fonti iconografiche,Fonti Epigrafiche,Fonti Archeologiche,Restauri,Bibliografia,Prima attestazione,Menzioni successive,Datazione,Confronti,Fasi,Fasi Medievali,Coordinate
1,Castrum Cassari,Castello di Ocre,Ocre,L'Aquila,Fortificazione,Impianto fortificato con superficie di 6000 metri quadrati- di forma trapezoidale- assimilata a un triangolo isoscele avente dimensioni di circa m 70x180x220. La cinta muraria- dal perimetro di m 470- è intervallata da sei torri- tre d'angolo e tre rompitratta- a pianta quadrata.,Il primo feudatario a domino rege risulta essere Todino di Collimento (REDI 2006). Nel 1178 la bolla papale di Alessandro III la pone sotto la giurisdizione del vescovo di Forcona- Pagano (FORGIONE 2015),Rudere,Privilegium concessum de Constructione Aquile in MONTI 1945- pp. 311-317.,,,Attività di scavo e di ricerca archeologica presso il castello di Ocre (AQ). Direzione scientifica Prof. F. Redi (Università degli Studi dell’Aquila) negli anni 2000-2006-2007-2008-2009,,"REDI 1997- 2001- 2003- 2006; FORGIONE 2007- 2008- 2015;",1178 (ANTINORI),1254 (Privilegium concessum de Constructione Aquile in MONTI 1945),XII-XIII sec.,Il castello di Ocre- infatti- risulta identico per morfologia e tipologia di insediamento alle motte-and-bailey della regione di Caen in Normandia- nello specifico la motte-and-bailey di Olivet a Grimbosq- nella regione di Calvados5- e le Château Ganne a la Pommeraye (FORGIONE 2015),4,4,
7,Sancte Marie de Quadris o Sancta Maria vulgaliter,S. Maria dello Spineto,Quadri,Chieti,Chiesa,L'edificio- orentato in direzione nord-sud- si articola in tre navate- ciascuna terminante con abside- delineate da pilastri quadrangolari. Tale impianto discende direttamente dalla basilica romana (GAVINI 1926- p. 28) ed è tipicamente benedettino: il complesso era di osservanza benedettina maschile (PIERANTONIO 1976- pp. 263-264)- ma non sono state trovate tracce dell'annesso monastero. L'edificio si imposta sul podio di un tempio sannitico (COARELLI-LA REGINA 1984- p. 316) e- in epoce precedente alla chiesa- doveva esistere un più antico edificio di culto cristiano (CELIDONIO 1909- p.48) di cui però non sono state individuate stratigrafie né orizzontali né verticali.,Dipendenze della diocesi di Valva e Sulmona (FARAGLIA 1888- p. 53),Rudere,"Riferimento a Spinetum nel Chronicon Casauriense (col. 793- I); bolla di Lucio III del 1183 (VERLENGIA 1958- p. 97)- Bolla di Clemente III del 1188.",,,,,PIRAINO 1992- GAVINI 1926 p.28- PIERANTONIO 1976- CELIDONIO 1909,"793",1183-1188,VII-XIV sec.,"S. Fina trova confronti con impianti dello stesso ordine quali: S. Liberatore a Serramonacesca; S. Pietro ad oratorium a Capestrano (GAVINI 1926)",4,3,
8,Santo Stefano in rivo maris,Santo Stefano in rivo maris,Casalbordino,Chieti,Chiesa,"Basilica a pianta longitudinale (25x15 m). L'aula è divisa in tre navate da colonne e presenta un nartece nell'area di ingresso. Al momento della costruzione- l’edificio di culto s’inserisce sui resti monumentali di una struttura più antica limitatamente documentata da una base di colonna su fondazione in opera laterizia. Sono state rilevate 3 fasi costruttive della basilica: fase I- basilica a pianta longitudinale con pavimentazione a mosaico- fine V-VI; fase II- riduzione della basilica a chiesa mononave e rifacimento dell’abside e dell’altare (alto Medioevo); fase III- costruzione di un muretto di separazione tra la zona presbiteriale e la navata centrale e di un pavimento a tessellato nella navata centrale (basso Medioevo).",,Rudere,"Itineraria Antonini- p. 47- Cosmographia- p. 17- p. 68- pp. 45-46; Tabula Peuting- seg. VI- 2. C.I.L. IX- p. 204",,,,,"TULIPANI- 2001;",,,V-VI sec,I confronti più interessanti sono con edifici di culto del VI secolo situati sull’altra sponda dell’Adriatico- come le chiese cimiteriali di Solona e la Basilica A d’Anfipoli- anche per la posizione del ciborio dell’altare nella zona mediana del transetto. In ambito locale- invece- l’unico accostamento possibile- per quanto riguarda la tipologia architettonica- è con la basilica cattedrale di S. Maria Aprutiensis a Teramo.,3,3,
9,Santo Stefano in rivo maris,Santo Stefano in rivo maris,Casalbordino,Chieti,Monastero,,"Citato nei documenti di S. Maria delle Tremiti (1034-1054); nel 1257 annesso al monastero cistercense di S. Maria Arabona.",Rudere,"Codice Diplomatico di S. Maria delle Tremiti docc. 15- pp. 49-53; doc. 27- pp. 83-87; doc. 29- pp. 91-97; Acta Romanorum- II- pp. 79-80- doc. 113; Catalogus B. docc. 1218- 1219- 1220 (c)- pp. 252-253; CUOZZO 1984- pp. 366-367.",,,,,"TULIPANI- 2001;","1053",1140-1148- 1257.,X-XV,,3,3,
10,Luppa,Le Mura (Luppa),Carsoli,L'Aquila,Fortificazione,Cinta fortificata- rinforzata a S da una struttura (torre?)- che non sporge a filo cortina (A). All'interno edifici probabilmente ad uso abitativo (B-C).,Nella seconda metà del  XII secolo il feudo era tenuto a domino rege da Pandolfo e Berardo di Colli.,Rudere,"ChCass- III- 17- p.381; CatBar 1135- p.225; Statuto per la riparazione dei castelli in STHAMER 1912- p.118; RatDec 401- p.22- 609- p.31; A.S.A. Atti Demaniali- 1a serie- b. 69.",,,,,"FEBONIO 1678; SOMMA 2000.",seconda metà XII,1308-1324,XI-XII,,1,1,
11,Tremonti,Tremonti,Tagliacozzo,L'Aquila,Fortificazione,L'impianto si compone di un recinto di forma irregolarmente rettangolare- con torri quadrangolari di rinforzo sugli angoli NO e SO ed un bastione con andamento curvilineo nella parte SE. All'interno del recinto si trova una torre quadrangolare- parzialmente conservata fino al livello del primo piano.,Alla metà del XII secolo è feudo di Todino e Rinaldo de Ponte- appartenenti alla famiglia dei conti dei Marsi (CatBar Comm.- p 339),Rudere,"CatBar 1115-1116- p. 218-219; RatDec p.31; Bolla di Clemente III- in DI PIETRO 1869- I- p. 316; Documents- p. 95- n 55- pp- 131-132- n 11- p. 257- n 244.",,,,,"ANTINORI- Corogr. XL- 2- f. 827; DI PIETRO 1869- II- pp. 46-47.",XII sec (CatBar),1324 (RatDec),XI-post XIV,,3,3,
12,Marano,Marano,Magliano dei Marsi,L'Aquila,Fortificazione,Castello di forma quadrangolare di forma quadrangolare con torri circolari agli angoli N e S. La parte centrale è occupata da una corte quadrangolare dove si affacciano le cellule abitative.,Alla metà del XII secolo è feudo di Todino de Ponte- discendente di Rainaldo e Siginolfo- antichi conti di Carsioli (Cat Bar Comm. P. 339),Buono,"ChCass- II- 7- p. 182; RF V- 1010- pp. 13-14; PL- CLXII- coll. 338-340; CatBar 1115- p.218; DI PIETRO 1869- I- p. 315; Reg. Ang. N 33- ff. 85- 96- in JAMISON 1949- p. 130- n.145; RatDec- p.22.",,,,,"DI PIETRO 1869- II- pp. 39-40; BARBATO-DEL BUFALO 1978- p. 351; SOMMA 2000.",1073 (RF),"Metà XII sec. (CatBar); 1308 (RatDec)",in sospeso,,1,1,
13,S. Donato,S. Donato,Tagliacozzo,L'Aquila,Fortificazione,Recinto murario intervallato da torri quadrangolari che sporgono a filo cortina. Recinge la sommità della montagna. Il castello corrisponde al punto altimetricamente più elevato: di esso si conservano tre torri circolari su altrettanti angoli ed una divisione interna in ambienti conservata in elevato per circa 30/40 cm.,Nel 1067 vi risiede il conte dei Marsi Oderisio II. Alla metà del XII secolo è feudo di Bernardo di San Donato.,Rudere,"ChCass- II- 7- p. 182; ChCass- III- p.381; UGHELLI 1720- VI- coll. 889-890; in BLOCH 1986- p. 731; Reg. Petri Diac. F. 200r- n. 462; Diplomatum Regum- VIII- 120- pp. 194-202; INGUANEZ 1915- pp. 252-253- IX; CatBar 1119- p. 220; RatDec p. 23- 408- p.31- 587; in GATTOLA- Acc.- pp. 269-273.",,,,,"FEBONIO 1678- III- pp. 117-118; DI PIETRO 1869- II- pp. 33-34; SOMMA 2000.",1067 (Reg. Petri Diac. F 200 r n.462),"XII (CatBar); 1281 (INGUANEZ 1915- pp. 252-253- IX)",XI-post XIII,,2,2,
14,Castello della Ceria,Castello della Ceria,Castellafiume,L'Aquila,Fortificazione,La fortificazione di compone principalmente di una torre quadrata- che si imposta su un muro con andamento SE/NO- del quale si ricalca l'orientamento- obliterandolo. A circa 6m a SE di essa vi sono tracce di un muro parallelo al fronte SE della torre.,,Rudere,,,,,,SOMMA 2000,,,,,1,1,
15,Girifalco,Girifalco,Castellafiume (fraz. Pagliara),L'Aquila,Fortificazione,Recinto a forma di triangolo molto schiacchiato. Due torri quadrangolari rinforzano le estremità N e S. A N del recinto si trova una torre quadrangolare. A S del recinto- a quota leggermente inferiore- si trova una cisterna di forma rettangolare allungata- che conserva ancora l'imposta della volta che la doveva ricoprire.,Alla metà del XII secolo è feudo di Roberto de Corcenellam (Corcumello).,,"CatBar 1118- p. 219; DI PIETRO 1869- pp. 311-320.",,,,,"ANTINORI- Corogr- XXXII- f. 60; GROSSI 1330; GROSSI 1994; SOMMA 2000.",Metà XII sec. (CatBar),,XI-XII,,1,1,
16,Carce,Magliano di Carce,Magliano dei Marsi,L'Aquila,Fortificazione,Recinto che segue l'andamento morfologico della sommità- ricalcando i resti di un ocres marso- con una torre quadrangolare in corrispondenza dell'estrema propagine N della cima- di cui si conservano le fondazioni- ed una serie di edifici residenziali all'interno del recinto.,Nella seconda metà del XII è un feudo tenuto in demanio dal conte Ruggero D'Albe.,Rudere,"CatBar- p.215- 1110; Statuto per la riparazione dei castelli in STHAMER 1914- p. 122; RatDec- pp. 22-31-410-582.",,,,,SOMMA 2000.,,,,,2,1,
17,Alba,Albe vecchia,Massa D'Albe,L'Aquila,Fortificazione,Cinta muraria urbana e castello-residenza sull'acropoli della città romana. L'impianto che si conserva è di pianta quadrangolare- con torri circolari. A partire dal lato sud del castello si sviluppa il borgo.,"Famiglia comitale dei Marsi (1066 episodio dell'attacco a Bernardo III); nella seconda metà del XII come centro della nuova contea era feudo in demanio di Ruggero d'Alba.",Rudere,"RS- 14- pp- 34-38: in GATTOLA- Acc.- p. 195; ChCass III- 23- p. 390; Amato di Montecassino- 1. VI cap. VIII- pp. 266-270; CatBar p. 215- 1110; DI PIETRO 1869- I- p. 315; RatDec p. 12- 355- p. 30- 581.",Foto dell'Agostinoni in cui sono visibili alcune strutture del borgo e un tratto delle mura prima del terremoto del 1915.,,,,"DI PIETRO 1869- I- pp. 222-227; AGOSTINONI 1908- pp. 98-126; COARELLI-LA REGINA- pp. 62-98; MARTENS 1991- pp. 387-402.",1066 (ChCass),"seconda metà XII sec (CatBar); 1294? (Statuto per la riparazione dei castelli); 1308 (RatDec).",Il castello nelle forme attuali è databile XIV sec.,,2,1,
18,Pietracquaria,Madonna di Pietracquaria,Avezzano,L'Aquila,Fortificazione,Recinto con torri quadrangolari aggettanti.,Nella seconda metà del XII secolo era feudo del conte Ruggero d'Albe,Rudere,CatBar- p. 215,,,,,"ANTINORI- Corog. XXXVII- f.1; BROGI 1954; LETTA s.d.- p.118; SOMMA 2000.",seconda metà XII sec.,,tra fine XI e inizi XII,,1,1,
19,S. Potito,S. Potito,Ovindoli,L'Aquila,Fortificazione,Torre quadrangolare a cui si sono progressivamente aggiunte almeno tre cinte murarie. All'interno della prima di queste ci sono altri edifici.,Tra 1072 e 1079 viene donata all'Abbazia di Farfa. Nel 1279 dai registri Angioini risulta sotto il controllo del conte Ruggero di Celano. Nel 1388 il conte Pietro possiede dei beni nella zona.,Rudere,"ChF II- pp.122-123; RF IV- 809- pp. 210-213; RF V- 1041- pp.43-44; ChF II- pp. 160-161; RF V- 1071- pp 20-21; UGHELLI 1720- coll. 902-904; UGHELLI 1720- col. 891- XII; ChF II- pp. 279-287; RF V- 1318- pp. 302-308; Reg. Ang. N.33- ff. 85- 96- in JAMISON 1949- p. 130- n. 145; Statuto per la riparazione dei castelli in STHAMER 1914- p. 117; Inventario fatto dal notaio Cicco di Castelvecchio per il conte Pietro di Celano- in RatDec- p. VIII; Arch.Vatic.Reg. Martini pp. V- tom. 355- fol. 190b- in CELANI 1893- VIII- p. 87.",,,,,"PEZZUTI 1982a- p. 155; GABLER-REDò 1991- pp. 478-499.",1072?- 1079? (RF),"1115 (UGHELLI 1720); 1297 (Reg. Ang.); 1417-1431 (Arch. Vat.)",XI,,1,1,
20,Rovere,Rovere,Rocca di Mezzo,L'Aquila,Fortificazione,Torre centrale circondata da un recinto triangolare con tre torri circolari ai vertici e fossato lungo il lato O- lato nel quale si conserva la struttura del battiponte.,Nella seconda metà dell'XI l'area doveva far parte delle proprietà dell'abbazia di Farfa- mentre dal XIII è compresa tra i possedimenti del conte di Celano. Nel 1484 concessa ad Antonio Piccolomini conte di Amalfi. Dal 1669 è feudo di Giulio Savelli.,Rudere,"RF V- 107- pp. 20-21; Bolla di Clemente III in DI PIETRO 1869- pp. 311-320; Reg. Ang. n. 33- ff. 85-96 in JAMISON 1949- p. 130- n. 145; Statuto per la riparazione dei castelli in STHAMER 1914- p. 121; RatDec- p. VIII; Reg. Vat. Bonif. IX- n. 313- f 165- in CELANI 1893- pp. 77-78- Arch. Vat. Reg. Matini V- tom. 355- f. 190b- in CELANI 1893- p.87.",,,,,"CIFANI 1980; ANGELOSANTE-SPIGARELLI 1948- pp. 164-165; CASTIGLIONE-SALADDINO-SOMMA 1995; GIUNTELLA 1995; SOMMA 2000.",1387 (RatDec),"1389-1404; 1417-1431.",XII,,0,0,
21,Rovine di Lecce,Rovine di Lecce dei Marsi,Lecce dei Marsi,L'Aquila,Fortificazione,Recinto fortificato che s'imposta in parte sulle strutture di un precedente ocre marso. È intervallato a distanze non regolari da torri quadrangolari. All'interno delle mura è presente una torre.,,Rudere,"Reg. Petri Diac. F. 202r- n. 469- in BLOCH 1986- p. 826; RatDec p. 23- 423- p.30- 567; CELANI 1893- VIII- p.87. Arch. Vatic. Reg. Martini pp.V- tom. 355- fol. 190b- p.",,,,,"DI PIETRO 1869- 1- pp. 279-285; GROSSI 1988a- p. 79; GIZZI et alii 1991.",1066-1067 (Reg. Petri Diac.),1308 (RatDec),XI-XII?,,,,
22,Bisegna,Bisegna,Bisegna,L'Aquila,Fortificazione,Torre a pianta triangolare- con uno degli spigoli tagliato- s'imposta direttamente su uno spuntone di roccia affiorante.,Nella seconda metà del XII sec. il centro è feudo di Simone di Capistrello.,Buono,"ChCass- II- 7- p. 634; CatBar- p. 217- 1113; RatDec- p. 23- 419.",,,,,"DI PIETRO 1869- I- pp. 78-82; GROSSI 1988b- p. 128; SOMMA 2000.",Seconda metà XII sec. (CatBar),1308 (RatDec),,,0,0,
24,Civita D'Antino,Civita D'Antino,Civita D'Antino,L'Aquila,Fortificazione,Cinta urbica al cui interno- in pieno medioevo- si inserisce una torre quadrangolare nel punto altimetricamente più elevato (torre dei Colonna).,Nella seconda metà del XII sec. il castello era tenuto in servicio dal conte Ruggero d'Albe.,Rudere (solo brevi tratti),"ChCass II- 7- p. 182; ChCass- IV- 6- p. 471; GATTOLA- Hist. I- p. 248; Diplomatum Regum- VIII- 120- pp. 194-202; CatBar- p. 216- 1111; GATTOLA- Acc.- pp. 269-273.",,,,,"SQUILLA 1966- pp. 283-293; LETTA s.d.- p. 12; STAFFA 1992b- pp. 140-141; GROSSI 1994- pp. 82-84; SOMMA 2000.",1089 (in GATTOLA- Hist. I-p. 248),seconda metà XII sec. (CatBar),XIV,,2,2,
25,Le Starze,"Le Starze (tradizione orale ""Le Carceri"")",Balsorano,L'Aquila,Fortificazione,"Torri con recinto; la torre cilindrica attualmente costituisce l'abside della chiesa di S. Maria delle Grazie. Nonostante questo è leggibile l'impianto originario a pianta circolare all'esterno e (forse) ottagonale all'esterno.",,,,,,,,PEZZUTI 1984b- p. 163.,,,,,0,0,
27,Castello delle Porraniche (Leporanica o Lupranica),Leporanica,San Nicandro,L'Aquila,Fortificazione,Recinto murato d'altura.,,Rudere,"V.DE BARTHILOMEIS (a cura di)- Cronaca aquilana rimata di Buccio di Ranallo di Popplito di L'Aquila; CatBar.- cap. 1170- pp. 236-237; GAZZELLA- Descrittione del Regno di Napoli- 1601- p. 265; PACICHELLI- Il Regno di Napoli in prospettiva- Napoli 1703- III- p. 74.",,,,,"MATTIOCCO 1985; CENTOFANTI et al. in CLEMENTI (2007)- pp. 291-350; BRUSAPORCI 2007b- pp. 350-353; CLEMENTI 2007a- pp. 279-283; FORGIONE 2018.",Seconda metà XII sec. (CatBar.- cap. 1170- pp. 236-237),1393 (Buccio di Ranallo)- 1601- 1703.,,,0,0,
28,S. Mariae in Valle Porclaneti,Santa Maria in valle Porclaneta,Magliano de' Marsi (Rosciolo),L'Aquila,Monastero,sospeso,Dalla fondazione risulta di proprietà del conte Berardo de Marsi che- tra 1064 e 1071 la dona all'abbazia di Montecassino. Rimane in possesso di Montecassino fino al 1268- quando passa nelle mani degli angioini. Nel 1334 risulta essere della famiglia Orsini. Dopo lo scandalo di Orso Orsini del 1342- viene assegnato a Ludovico de Santo Licato. Dieci anni dopo- con una bolla papale- papa Innocenzo VI conferisce la giurisdizione al Cardinale Rinaldo Orsini.,Buono.,"Chronicon Monasterium Casinensis- cit.- lib. III- cap. LXI- p.441- lib. III- cap. XVII- p. 383; Diplomatum regum- cit.- pp. 194-202; Historiae Marsorum- cit- vol. III- cap. V- p. 175; GATTOLA- Ad Historiam Abbatiae Cassinensis. Accessiones- I-II- Coletti- Venezia 1734- p. 195.",,,2005: Scavi archeologici condotti dalla Dott.ssa Campanelli (Soprintendenza archeologica d'Abruzzo) nell'area antistante alla chiesa (SOMMA 2011).,"1932 (ASSAq); 1942 (Chierici 1945); 1955 (ASSAq); 1961 (ASSAq); 1982 (Petraroia 1983); 1990 (Mancini 2003); 1991 (Sonnino 2002).","SOMMA 2009; BINDI 1889; CLEMENTI 1981; CAFIERO 1963; GROSSI 2003; DE SPIRITO 2002; D'ANTONIO 2003; NARDECCHIA 2004; ANGELONI 2000; DE NINO 1904; TRIZIO 2017.",1042 (GATTOLA),"1064-1077 (Chronicon Monasterium Casinensis); 1137 (Diplomatum Regum); 1268 (Historiae Marsorum) 1353 (Bolla di Innocenzo VI).",Fondazione: VIII,,7,5,
29,S. Pelino,S. Pelino,Corfinio,L'Aquila,Chiesa,La basilica di S. Pelino è parte di un complesso articolato in due edifici- la basilica in questione ed il cosiddetto oratorio di S. Alessandro. L'edificio principale è appunto questa basilica- un'aula a tre navate divisa da pilastri quadrangolari e ottaglonali- transetto sopraelevato e legato all'aula da un arco trionfale. È affiancata da una torre rettangolare- realizzata su un edificio preesistente (DI NUCCI 2009a). Osservando i corpi di fabbrica dell'intero complesso si nota da subito la presenza di cambi di orientamento e di spessori murari- dovuti alla presenza di preesistenze. Allo stato delle indagini- l'unica attestazione certa di tali preesistenze è il sepolcreto romano inglobato alla base della torre (SOMMA ANTONELLI),,Buono,"ChCasaur- coll. 866; ChCasaur- f. 234v;",,,,,"ACETO 2007; FUCINESE 1971; LA SALVIA-SOMMA 2015; SOMMA-ANTONELLI-LA SALVIA 2015.",1075 (ChCasaur),,IX,,1,1,
31,S. Pauli in Ansedonia,S. Paolo in Peltuinum,Prata D'Ansidonia,L'Aquila,Chiesa,"La pianta ha una peculiare forma a ""T"" composta da navata unica- che incrocia un transetto privo di abside.",Nella bolla del 1138 di papa Innocenzo II (KEHR) risulta essere parte dei possedimenti della diocesi di Valva (FARAGLIA 1888). Antinori (Corografia) ci informa che nel 1360 era ancora parte della diocesi di Valva- per passare poi nel 1389 in quella aquilana.,Buono,"ANTINORI- Corografia storica degli Abruzzi e luoghi circonvicini; P.F.KEHR- Italia pontificia- IV- p. 255; Sulmona- ACCSP- Processum conta Aquilanum (copia della contesa giurisdizionale datata 1350)",,,,,"FARAGLIA 1888; ZINCANI in D'ALBERTO 2011; DE VITIS in CAMPANELLI 1961; DI NUCCI 2009",1138 d.C (FARAGLIA 1888),1360 - 1389 (ANTINORI),XII secolo,,5,3,
32,S. Scholasticae in Pinna sive in Tabe,S. Scolastica in Penne,Moscufo,Pescara,Monastero,La struttura oggi si presenta sotto forma di rudere interessata da una fitta vegetazione- a causa della quale non è stato possibile individuare la sua effettiva estensione e l'articolazione degli ambienti che la compongono.,Montecassino- poi S. Liberatore a Maiella (1212),Pessimo,"Gattola- ""Historia Abbatiae Cassinensis"" 2 vol- Venezia 1733- vol I- pagg. 78-79; 150.",,,,,"PIETRANTONIO 1988- pp. 236-237; BLOCH1986- II- pag 702; FELLER 1998- pag. 160",989 d.C. nel Memoratorium dell'Abate Bertario (vedi Gattola I- 78),Dal 1057 al 1122 compare nei privilegi papali di Montecassino.,,,0,0,
33,S. Mariae de Lacu,S. Maria del Lago,Moscufo,Pescara,Monastero,"La chiesa abbaziale- la cui pianta risale al XII secolo- è per la maggior parte realizzata in opera laterizia e in alcune parti- come il lato occidentale o le arcate interne- in opera mista a strati di pietra e laterizi. Lo schema è a tre navate triabsidate- divise in sei campate per mezzo di colonne laterizie. Il pilastro centrale di sinistra- sorregge l'ambone reallizzato dal Maestro Niccolò nel 1158. Sulla facciata rimane il portale antico in stile Benedettino. Gli absidi sono decorati ad archetti ciechi pendenti; quello centrale è diviso in tre parti da due semicolonne in laterizio e pietra e prendono luce da una monofora ciascuno. La monofora dell'abside centrale- inoltre- riporta due iscrizioni- probabilmente su materiale riutilizzato- su entrambi i lati della strumbatura.",,,,,,,,"M. MORETTI 1971- pp. XXI; 172-177; PIETRANTONIO 1988- pp. 235-236; GAVINI 1980- pp. 191-194; 260-265; SELLA 1935- pagg. 36; 220.",La data di fondazione è incerta. L'attua aspetto della chiesa venne ricostruito nella prima metà del XII sec.,Compare ancora nelle decime del 1324 e del 1326.,,,0,0,
34,S. Mariae de Piczano- Pizano- Picciano,,Picciano,Pescara,Monastero,Dell'impianto di XI secolo restano miseri avanzi- poiché nel 1828 i ruderi vennero rimossi- per essere utilizzati nella costruzione della chiesa di S. Rocco a Piccianello- resti che- a causa di recenti restauri- anche in questa chiesa non si vedono. Nell'area dell'antica abbazia- oggi- sorge il cimitero. Le antiche strutture murarie- sembrano riconoscibili in un lacerto localizzato sotto il ballatoio delle scale all'interno del cimitero e nell'ossario profondo circa 5 metri- chiuso al pubblico.,"Sotto il patronato del suo fondatore- Berardo conte di Penne- e del pontefice Leone IX. Nel XIII secolo passa in mano ai celestini. Tra 1390 e 1490 fu giurisdizione degli abati ""commendatari"".",Inesistente,,,,,,,Atto di fondazione del Settembre 1049- Archivio di stato di Napoli- vol.1069 delle Sentenze della Cappellania Maggiore. Processo 419- fol.6-8.,,,,0,0,
35,S. Liberatoris montis Mayellae,S. Liberatore a Majella,Serramonacesca,Pescara,Monastero,In facciata la chiesa si presenta a doppio spiovente con cornici ad arcatelle lungo le linee di terminazione. Si contano 8 lesene che riempiono lo spazio tra i tre portoni. L'interno è a tre navate- absidate- diviso da 7 arcate per lato impostate su pilastri quadrangolari. La chiesa è affiancata da una torre campanaria quadrangolare che presenta le classiche cornici che delimitano i ripiani con monofore- bifore e trifore in successione. Dalle fonti sappiamo che era affiancata dal chiostro di cui oggi rimane solo un breve tratto del dormitorio orientale ed era preceduta da un portico di cui rimane solo il pilastro centrale. Sul lato occidentale- alle spalle del campanile- sono visibili i contrafforti di XV secolo costruiti a contenimento del muro.,Sotto la giurisdizione di Montecassino.,Ottimo,"CHRONICA MONASTRERII CASINENSIS in MGH- ""Scriptores""XXXIV- H. Hoffmann (ed.)- Hannover- 1980.",,,,Il monumento- crollato con il terremoto del 990- fu ricostruito in forme più grandiose tra il 1007 e il 1019 dall'abate Teobaldo e- nuovamente- alla fine del sec. XI- dall'abate Desiderio. Il complesso attuale è stato restaurato tra il 1968 e il 1970.,"PIETRANTONIO 1988- pp. 289-293; SOMMA-MARINELLI 2005- pp.23-24; MAMMARELLA 1993- pp. 13-32; GAVINI 1980- pp.57-67; 88-93; FELLER 1998- pp. 157-163.",Esisteva prima dell'anno 884 in cui venne compilato un inventrio dei beni del contado di Chieti. L'abate era il cassinense Bertario.,,,,4,4,
36,"S. Trinitatis; S. Clementis de Casa Aurea",S. Clemente a Casauria,Castiglione a Casauria,Pescara,Monastero,Nel suo assetto attuale la chiesa è preceduta da un portico a tre archi. L'interno a croce latina è diviso in tre navate con abside semicircolare e pilastri in pietra. Hanno grande risalto il pulpito e il monumentale altare con ciborio- al di sotto del quale viene messo in opera un sarcofago paleocristiano databile tra IV e V secolo. Sulla destra del complesso- sono presenti gli avanzi del più antico monastero. Sulla sinistra è visibile quanto rimane del campanile- realizzato con conci di tufo eterogenei per forma e dimensione e legati insieme da abbondante malta.,Montecassino,Ottimo,"MURATORI- ""Chronicon Casauriense"" in ""Rerum Italicarum Scriptores""- vol II parte II- Bologna 1983.",,,,L'abbazia è stata restaurata post terremoto del 2009- riaprendo ufficialmente al pubblico nel 2012.,"MORETTI 1971- pp. XXII-XXIII- 198-213; PIETRANTONIO 1988- pp. 129-138; MURATORI- ""Chronicon Casauriense"" in ""Rerum Italicarum Scriptores""- vol II parte II- Bologna 1983; MAMMARELLA 1993- pp. 49-70; GAVINI 1980- pp. 19-20; 268-269; 289-332; STAFFA 2018.",Chronicon Casauriense- ad opera del monaco Giovanni- narra la storia del cenobio dalla sua fondazione fino alla morte dell'abate Leonate (1182).,,IX-XIV,,3,3,
37,S. Thomae de Verano seu de Paterno,S. Tommaso di Verano o di Paterno,Caramanico,Pescara,Monastero,"Si vuole fondata- su un antico tempio romano in rovina- nel XIIsecolo per iniziativa dei Benedettini di S. Clemente a Casauria- di cui era dipendenza. La pianta della chiesa- risalente all'inizo del XIII secolo- è a tre navate con un solo abside centrale. E' suddivisa in sette campate- di cui l'ultima- quella presbiteriale- è più ampia delle altre. Sono da considerarsi originali le parti della facciata e quelle dell'abside. Originali sono anche le due semicolonne sulla parete interna- ai lati del portale principale d'ingresso; totalmente rifatte sono le pareti laterali- costruite in periodi diversi. Al di sotto dell'altare- si sviluppa la cripta a pianta rettangolare- all'interno della quale è presente un pozzo/cisterna interamente realizzato in tufo. La copertura di quest'ambiente è a botte. In facciata spicca- oltre la ricca decorazione dei portali- il rosone che sovrasta il portale centrale. Di particolare interesse risulta l'unica decorazione del portale sinistro pertinente l'architrave; l'iscrizione ivi incisa- riporta il nome e l'anno del maestro che realizzò la decorazione scultorea.",San Clemente a Casauria,Ottimo,"CHRONICA MONASTRERII CASINENSIS in MGH- ""Scriptores""XXXIV- H. Hoffmann (ed.)- Hannover- 1980- pag.118.",,,,,"MORETTI 1971- pp. XXIII- 232-241; PIETRANTONIO 1988- pp. 115-116; GAVINI 1980- pp. 366-378; QUOZZO 1984- p. 297.",,,,,0,0,
38,S. Bartholomaei de Carpineto,S. Bartolomeo della Nora,Carpineto della Nora,Pescara,Monastero,"La facciata è preceduta da un portico a due arcate. La costruzione mostra una felice commistione di elementi romanici e borgognoni. L'interno- a pianta basilicale di impianto simile a quello di San Clemente a Casauria- si presenta a tre navate- scandite da archi a tutto sesto sorretti da pilastri. La luce è data da una serie di finestre ornate da colonnine a spirali. Il presbiterio- costituito da un transetto ad una sola abside quadrata è caratterizzato da pilastri polistili che sorreggono le volte ogivali a crociera. L'interno è totalmente restaurato. Al di sotto del transetto si sviluppa la cripta della quale non è stato possibile fornire adeguata documentazione data la scarsità di luce. Lungo la navata sinistra vi è l' accesso ad una cella sepolcrale composta- da due ambienti oggi comunicanti- ma un tempo separati. Alla fase ""borgognona"" appartiene il largo campanile a vela- a due fornici- saldamente ancorato sulla muratura dell'arcone trionfale. A settentrione dell'aula di culto sono visibili i resti dell'antico chiostro.",Fondato da Verardo- figlio di Linduno- conte di penne e fratello del Vescovo Gaidolfo di Penne- nel 962. Ricevette privilegi dai re normanni. Venne ceduto nel 1259 ai cistercensi di S. Maria di Casanova. Nel secolo XV passò in Commenda insieme all'abbazia suddetta- di cui era diventata una dipendenza.,Ottimo,"F. Ughello- ""Italia Sacra sive de Episcopis Italiae et Insularum adjacentium"" X volumi- II ed a cura di N. COLETI- Venezia 1717-22- Vol. I foglio 1113-14.",,,,,"MORETTI 1971- pp. XXV-XXVI; 284-287; PIETRANTONIO 1980- pp. 360-366;",Il documento più antico è la carta di fondazione del 14 marzo 962.,,,,0,0,
39,S. Alessandro,Oratorio di Sant'Alessandro,Corfinio,L'Aquila,Chiesa,L'oratorio di S.Alessandro è costituito da un'unica campata rettangolare absidata ed è collegato alla basilica di S.Pelino- formando il cosiddetto complesso valvense. Le due strutture si allineano seguendo l'andamento della viabilità antica. L'oratorio è affiancato da una torre quadrata sempre in conci di pietra- anch’essa realizzata su un edificio preesistente in grossi blocchi di calcare squadrato.,,Buono,"ChCasaur- coll. 866; ChCasaur- f. 234v;",,,,,"ACETO 2007; FUCINESE 1971; LA SALVIA-SOMMA 2015; SOMMA-ANTONELLI-LA SALVIA 2015.",1075 (ChCasaur),,IX,,1,1,
40,S. Pietro in Trite,S. Pietro ad Oratorium,Capestrano,L'Aquila,Chiesa,La chiesa era originariamente parte di un monastero. L'impianto basilicale si presenta come un'aula allungata a tre navate- presbiterio a tre campate e tre absidi con copertura a capriate. Il tutto è rivestito internamente da un recente restauro. La facciata è tipicamente romanica- a salienti- in cui sono presenti numerosi elementi di spolio. Non si conservano strutture murarie riferibili all'VIII secolo.,Fondato da Desiderio (re dei Longobardi)- donato a San Vincenzo al Volturno nel 752 da papa Stefano II,Ottimo,"Chronicon Vulturnense del monaco Giovanni- a cura 					di V. Federici- I-II- Fonti per la storia d’Italia 58-60- 					Roma 1940- 925- 1938.",,"Iscrizione riportata sull'architrave del portale principale della chiesa: ""A REGE DESIDERIO FUNDATA MILLENO CENTENO RENOVATA""- rimanda chiaramente alla sua fondazione da parte di Desiderio- re dei Longobardi- nel 756 e al suo rifacimento nell'anno 1100- anno in cui assume i caratteristici connotati dello stile romanico.",,,"REDI in ROMA 2010- pp. 125-127; CLEMENTI 1988; BRUSAPORCI 2007 PP. 101-102; DI NUCCI 2009 pp. 67-68; - BALDACCI- I possessi maggiori del monastero di S. Vincenzo al Volturno nel secolo VIII- in Abruzzo- XIV- 2- 1976- pp. 3-18.
- G. CELIDONIO- La diocesi di valva e Sulmona- I-IV- Sulmona  1911.
- F. MARAZZI- San Vincenzo al Volturno tra VIII e IX secolo: il percorso della grande crescita. Una indagine comparativa con le altre grandi fondazioni benedettine italiane- in S. Vincenzo al Volturno. Cultura- istituzioni- economia- a cura di F. Marazzi-Roma 1996- pp. 41-92                                        
- G. RADKE- Viae Publicae Romanae- Bologna 1980                                                                                    	
- C. WICKHAM- Studi sulla società degli Appennini 	nell’Alto Medioevo. Contadini- signori e insediamento nel territorio di Valva (Sulmona)- Bologna 1982.                                             
- A.M. GIUNTELLA- L’alto medioevo in Abruzzo alla luce dell’archeologia- in La storia dell’Alto Medioevo italiano (VI-X secolo) alla luce dell’archeologia- Atti del Convegno Internazionale- Siena- 2-6 dicembre 1992- a cura di R. Francovich e G. Noyé- Firenze 1994- pp. 231-249.      
- A.CLEMENTI- Gli ordini monastici nell’organizzazione del territorio abruzzese nell’alto medioevo- in Abruzzo dei castelli- Pescara 1988- pp. 71-79 
- I.C. GAVINI- Storia dell’architettura in Abruzzo- I- 	Milano 1926.                                                                                    
- M. MORETTI- Architettura Medioevale in Abruzzo- Roma   
- F. GANDOLFO- Scultura medievale in Abruzzo. L’età normanno-sveva- Pescara 2004.1971.",Il Chronicon Volturnense redatto dal monaco Giovanni nel XII attesta l'esistenza della chiesa già nel 752- quando viene confermata da Papa Stefano II ai monaci di San Vincenzo. Probabilmente Desiderio aveva semplicemente partecipato all'ampliamento della cella e non era stato il fondatore del complesso intero.,"Placito del 2 marzo del 779; Placito del 787; Preceptum dell'831 (CLEMENTI 1988- P.38); Placito dell'854 (CLEMENTI 1988 p.39); Placito dell'872 (CLEMENTI 1988- p.41).",VIII-XIII,,2,2,
41,Sancti Maximi,Cattedrale di Forcona,Civita di Bagno,L'Aquila,Chiesa,L'edificio visibile si presenta con impianto a tre navate- suddiviso da colonne- e tre absidi. La cripta è ad oratorio. I frammenti scultorei presenti fanno ipotizzare un primitivo edificio di culto altomedievale- successivamente reinglobato nella chiesa di XI-XII secolo.,,Rudere,"RegFarf. III- docum. 346- p.48; ChronVult in MURATORI 1742- pp. 411-433",,,,,"REDI in ROMA 2010- pp. 128-129; BRUSAPORCI 2007- p. 53",933 (RegFarf),"968",XI,,2,2,
42,S.Cipriano,S. Cipriano,Castelvecchio Calvisio,L'Aquila,Chiesa,La chiesa è mononave- tripartita da due arconi con tetto in legno. La facciata è caratterizzata da due paraste che si uniscono a formare il campanile. La primitiva struttura altomedievale è stata azzerata dai successivi restauri.,Fa parte della Baronia di Carapelle.,Buono,"Chronicon Vulturnense del Monaco Giovanni- a cura di V. Federici- Roma 1925- I- p. 194; Antinori A.L.- Corografia Storica degli Abruzzi- voll. I e II; RatDecim- 1936- n. 2993-3001.",,,,,"MORETTI 1971- XC- XCI; REDI in ROMA 2010; CLEMENTI 1988- pp. 65-55; REDI et alii 2017;",779 (Chronicon Vulturnense- I- p. 194),"1112 - 1188 (bolle pontificie: una di Pasquale II- l'altra di Clemente III);",VIII-XIII,,7,3,
43,Aecclesia sancti Victorini,S. Michele Arcangelo,San Vittorino - L'Aquila,L'Aquila,Chiesa,L'interno della chiesa è a croce latina- mononave con abside. Internamente la chiesa è divisa un due ambienti da un muro moderno. La zona nord è quella più antica- in cui si trova il collegamento con la tomba sottostante tramite una scalinata realizzata in materiale di riuso di età classica.,Abbazia di Farfa,Buono,RegFarf II- doc 53.,,,,,REDI in ROMA 2010- pp.134-136.,763 (RegFarf II- doc. 53),,VIII/IX,,0,0,
44,S.Maria di Furfona,S.Maria di Furfona,Barisciano,L'Aquila,Chiesa,La struttura attualmente in piedi è probabilmente l'abside quadrangolare della chiesa romanica.,Abbazia di Farfa,Rudere,LibLarg I- doc. 367,,,,,REDI in ROMA 2010- p. 124,981 (LibLarg I- doc. 367),,IX-XII,,2,2,
45,S. Petri qui dicitur in Campli,S. Pietro di Campovalano,Campli,Teramo,Chiesa,L'impianto a pilastri presenta uno schema a tre navate privo di transetto- con presbiterio triabsidato e rialzato con tre gradini- copertura a capanna con capriate in legno.,,Buono,ChronCasin. II- 65- p. 674.,,,,,"STAFFA 2000- pp. 47-99; REDI in ROMA- pp. 124-125; ACETO 1996- pp. 417-418.",1050 (ChronCasin. II- 65- p. 674.),,VIII-XIII,,3,3,
46,S. Angelo de Vetitu,S. Angelo in Vetulis,Sulmona,L'Aquila,Monastero,Ciò che oggi resta della chiesa di S. Angelo in Vetulis è una cavità naturale al cui ingresso si addossa un piccolo vano lievemente ruotato verso est. Le due pareti che si conservano dovevano sorreggere la copertura del vano. Doveva esserci anche una parete N- che fungeva da ingresso- ma è completamente crollata. Attualmente la parete E si conserva per un'altezza di 1-5 metri dall'attuale piano di calpestio- mentre la parete W si innalza per circa 4 metri dal piano interno. La cavità rupestre costituisce una sorta di presbiterio al quale si accede attraverso un'arcata a tre fornici. L'arco centrale è più grande e largo dei due laterali e conserva i conci della ghiera solo nel lato destro. La triplice arcata determina la realizzazione di tre ambienti. Il vano centrale è coperto da una piccola volte a botte gettata con malta giallastra mista a scaglie di pietra.  Sul lato destro il pilastro centrale è costituito da una stele funeraria di età classica- segata e messa in opera alla rovescia. I due pilastri più interni sembrano essere due antiche pietre di soglia. La parete di fondo è la nuda roccia- dove fu ricavata una piccola cavità per la raccolta dell'acqua.,Diocesi di Sulmona,Pessimo,Catasto 1376  in Museo Civico di Sulmona.,,,,,,1376- risulta nel catasto di Sulmona per il valore di sei once.,XVII secolo- atto di donazione di un certo Thaeo Tobia.,Difficile proporre una datazione per l'impianto della chiesa visto che le fonti non sono chiare e la tipologia muraria utilizzata copre un'arco cronologico troppo ampio- senza contare i numerosi rifacimenti. Anche se l'abbondante materiale di spoglio fa propendere per uno stanziamento cultuale precoce e- in taluni casi- secondo la Pani Ermini- rivelatore di una potenziale origine monastica. Inoltre la dedica all' angelo potrebbe ricondurre ad una presenza longobarda.,,0,0,
47,Sancte Mariae,S. Maria Assunta di Bominaco,Caporciano,L'Aquila,Monastero,La chiesa presenta pianta basilicale a tre navate da arcate a tutto sesto su colonne con elementi di riutilizzo provenienti da edifici rromani- concluse da tre absidi. La regolarità della forma e l'uniformità degli spessori delle muraglie confermano la realizzazione di un progetto unitario riferibile agli eventi storici che determinarono l'ampiamento del monastero tra fine XI-XII secolo. L'edifico ripropone l'impianto basilicale di S. Liberatore a Maiella.,Tra il 972 e il 980 è sotto la giurisdizione del Conte dei Marsi- Oderisio- figlio di Berardo- nel contado di Valva. Il Regesto di Farfa riporta tra i beni di recente acquisizione anche il suddetto monastero sotto l'anno 1019. In un documento del 1041 Enrico II conferma all'abbazia di Farfa il monastero benedettino (GREGORIO DA CATINO). Nel 1093 l'abbazia fu donata da Ugo di Gerberto (normanno) al vescovo Giovanni di Valva e al Capitolo di S.Pelino a Corfinio (CELIDONIO). Ci fu un periodo di autonomia dell'abbazia all'elezione autonoma del vescovo Giovanni- rettificata in seguito da Alessandro III (CELIDONIO). Una bolla papale di Urbano IV del 1264 (perduto- ma riportato da Antinori) dichiara l'abbazia sotto la sua diretta protezione- dando ai monaci piena giurisdizione e confermando i possedimenti (ANTINORI). Nel 1343 ritorna sotto la giurisdizione di Valva. Nel 1363- dopo lo smembramento della diocesi valvense- fu annesso all'Aquila (CELIDONIO).,Buono,"- Il Chronicon Farfense di Gregorio da Catino- a cura di U. Balzani- I-II- Fonti per la Storia d'Italia- Roma- 1903;
- Chronicon Vulturnense del monaco Giovanni- a cura di V. Federici- I-II- Fonti per la storia d’Italia 58-60- 	Roma 1940- 1925- 1938.
- Il Regesto di Farfa di Gregorio da Catino- a cura di I. Giorgi e U. Balzani- IV- Roma- 1879-1914;
- Codice diplomatico Sulmonese- a cura di N. F. Faraglia- Lanciano 1888.",,,,,"- G. CELIDONIO- La diocesi di valva e Sulmona- I-IV- Sulmo- 1911;
- G. RADKE- Viae Publicae Romanae- Bologna 1980;              
- C. WICKHAM- Studi sulla società degli Appennini nell’Alto Medioevo. Contadini- signori e insediamento nel territorio di Valva (Sulmona)- Bologna 1982.
- A.CLEMENTI- Gli ordini monastici nell’organizzazione del territorio abruzzese nell’alto medioevo- in Abruzzo dei castelli- Pescara 1988- pp. 71-79 
- I.C. GAVINI- Storia dell’architettura in Abruzzo- I- Milano 1926. 
- M. MORETTI- Architettura Medioevale in Abruzzo- Roma 1971.",1041- In un diploma dell'imperatore Enrico II in cui conferma al monastero di Farfa le chiese di S. Pellegrino e S. Maria poste nel comitato valvense.,"1019- Ch Farf- p.32; 1027 Reg Farf- IV- doc. 675; 1050 Reg. Farf-V-  doc 879; 1051 Ch Farf- p.140; 1093 (notizia riportata in un documento dell'archivio di S. Panfilo a Sulmona in un trasunto del 1321. Celidonio- III- pp. 174-176); 1153 C. D. S.- doc 35;  1168   C. D. S.- p. 48.; 1188   C. D. S.- doc. 41.;  1223 C. D. S.- doc. 47.",XII,,0,0,
48,S. Pellegrino in Mamenacu,Oratorio di S.Pellegrino a Bominaco,Caporciano,L'Aquila,Chiesa,L'edifico presenta una pianta mononave- con volta sestiacuta spartita in quattro campate da archi di rinforzo aggettanti. La zona presbiteriale corrisponde all'ultima campata- divisa dal resto dell'edificio da due plutei. Il portico in facciata è di epoca seicentesca- seppur costruito con materiale di reimpiego.,Dipendente dall'Abbazia di Farfa fino al  1093- quando Ugo di Gerberto lo dona alla Diocesi di Valva.,Buono,"- Il Chronicon Farfense di Gregorio da Catino- a cura di U. Balzani- I-II- Fonti per la Storia d'Italia- Roma- 1903;
- Chronicon Vulturnense del monaco Giovanni- a cura di V. Federici- I-II- Fonti per la storia d’Italia 58-60- 	Roma 1940- 1925- 1938.
- Il Regesto di Farfa di Gregorio da Catino- a cura di I. Giorgi e U. Balzani- IV- Roma- 1879-1914;
- Codice diplomatico Sulmonese- a cura di N. F. Faraglia- Lanciano 1888.",,"""A. M. BIS. C. SEXDECIES TERNIS HEC A REGE CARULO FUDATA A ABBE TEODINO""- l'iscrizione afferma che la chiesa venne fondata da Carlo Magno e restaurata dall'abate Teodino nel 1263.",,,"- G. CELIDONIO- La diocesi di valva e Sulmona- I-IV- Sulmo-1911;
- G. RADKE- Viae Publicae Romanae- Bologna 1980;
- C. WICKHAM- Studi sulla società degli Appennini 	nell’Alto Medioevo. Contadini- signori e insediamento nel territorio di Valva (Sulmona)- Bologna 1982;
- A.CLEMENTI- Gli ordini monastici nell’organizzazione del territorio abruzzese nell’alto medioevo- in Abruzzo dei castelli- Pescara 1988- pp. 71-79;
- I.C. GAVINI- Storia dell’architettura in Abruzzo- I- 	Milano 1926;
- M. MORETTI- Architettura Medioevale in Abruzzo- Roma 1971.",1041- In un diploma dell'imperatore Enrico II in cui conferma al monastero di Farfa le chiese di S. Pellegrino e S. Maria poste nel comitato valvense.,"1014 Ch Farf- p.30; 1019   Ch Farf- p.32; 1027 Reg Farf- IV- doc. 675; 1050 Reg. Farf-V-  doc 879.; 1050 Reg. Farf-V-  doc 879; 1051 Ch Farf- p.140; 1093 (notizia riportata in un documento dell'archivio di S. Panfilo a Sulmona in un trasunto del 1321. Celidonio- III- pp. 174-176); 1153 C. D. S.- doc 35;  1168   C. D. S.- p. 48.; 1188   C. D. S.- doc. 41.;  1223 C. D. S.- doc. 47.",XIII,,0,0,
49,S. Benedetto in Perellum,S. Benedetto in Perillis,S. Benedetto in Perillis,L'Aquila,Monastero,La chiesa è a tre navate- divisa da colonne che sorreggono archi a tutto sesto. In origine concludeva con un'abside- poi crollata o demolita in epoca barocca- quando fu ribaltato l'orientamento della chiesa. La navata centrale è più alta- coperta da tetto a doppio spiovente- fiancheggiata da due navate laterali più basse- coperte da semicapriate. A sud- in corrispondenza della navata laterale- spicca una torre di pianta quadrangolare.,Diocesi di Valva.,Buono,"Chronicon Vulturnense del monaco Giovanni- a cura 					di V. Federici- I-II=Fonti per la storia d’Italia 58-60- 					Roma 1940- 925- 193; Codice diplomatico Sulmonese- a cura di N. F. Faraglia- Lanciano 1888; E. Jamison-  Catalogus Baronum- Fonti per la storia d'Italia- Roma 1984; E. Cuozzo- Catalogus Baronum- commentario- Fonti per la storia d'Italia- Roma 1984; P. Sella- Rationes Decimarum Italiae. Le decime  dei secoli XIII-XIV. Apritium- Molisium-Città del Vaticano 1936. L. A. Antinori- Corografia storica degli Abruzzi- Vol. XXXIX- Biblioteca Provinciale S. Tommasi di L'Aquila.",,,,,"G. CELIDONIO- La diocesi di valva e Sulmona- I-IV- Sulmona  1911; G. RADKE- Viae Publicae Romanae- Bologna 1980; 	C. WICKHAM- Studi sulla società degli Appennini 	nell’Alto Medioevo. Contadini- signori e 	insediamento nel territorio di Valva (Sulmona)- 	Bologna 1982; I.C. GAVINI- Storia dell’architettura in Abruzzo- I- 	Milano 1926; M. MORETTI- Architettura Medioevale in Abruzzo- 	Roma 1971; C. RIVIERA- Valva e i suoi conti- in Bullettino della R. 	Deputazione abruzzese di Storia Patria-s.III- XVI- 	1925- pp. 1-95; E. PARATORE- La viabilità in Abruzzo nell’Alto 	Medioevo- in Abruzzo- XIV- 2- 1976- pp. 41-47; C. PALAGIANO- Carta dei nomi territoriali 	dell’Abruzzo nell’alto medioevo- in Abruzzo- XIV- 2- 	1976- pp. 33-3; N. F. FARAGLIA- Saggio di corografia abruzzese 	medioevale- in Archivio Storico delle Province 	Napoletane- 16 (1891)- pp. 735-739- rist. in Civiltà 	medioevale negli Abruzzi- a cura di S. Boesch 	Gajano- M.R. Berardi- L’Aquila 1990-1992- pp. 55-	107.",1092- Ugo di Gilberto dona al vescovo di Valva il monastero di S. Benedetto e dichiara che il monastero venne costruito da Trasmondo tra 1071 e 1080.,"1092 - CDS- XVI- pp.23-25; 1156 -  Celidonio 109-1912- III- p.41; 1172 - ACV-doc. pontifici episcopali- pergamene n. 1.; 1183 - Celidonio 1911-1912- III- p.52; 1185 - Cat. Bar.- Antinori Cor. - f. 139; 1188 -  Antinori Cor. - f. 140;  1224 -  Celidonio 1912- III- pp.213-214. Antinori Cor.- f. 144; 1269 - Antinori- Ann. IX- 2- ff. 556-558; 1294 -  Celidonio 109-1912- III- pp.212-213; 1294 - Franchi 1975- pp. CXXXII-CXXXVI- n. 70; 1308 - 1309 Rat. Dec.- p. 67- n. 1239; 1312 - 1328  Rat. Dec.- p. 12- n. 193.",XI,,0,0,
50,S. Marie in Cartiniano,S. Maria di Cartignano,Bussi sul Tirino,Pescara,Chiesa,La chiesa presenta un impianto rettangolare a tre navate- di cui solo quella centrale è absidata- separate tra loro da archi impostati su pilastri quadrangolari. È presente un altare in pietra locale. L'abside all'esterno presenta un coronamento ad archetti pensili.,Montecassino,Rudere,- GATTOLA E.- Historia cassinensis- vol. 1- Venezia 1733,,,,,"- M. MORETTI- Architettura Medioevale in Abruzzo- Roma 1974.
- GAVINI I.C.- Storia dell'architettura in Abruzzo- Roma 1927
- G. CELIDONIO- La diocesi di Valva e Sulmona- volume I-II- Sulmona 1911.",1021: anno delle prime donazioni alla cella monastica.,"1021-1024-1038- 1043- 1044- 1057- 1079- 1390 (Gattola- vol. 1)
1065- 1390- 1459 (Celidonio)",XII,,0,0,
51,Collectarium,S. Bartolomeo,Scoppito,L'Aquila,Chiesa,L'edificio presenta varie fasi costruttive- delle quali la più recente sembra risalire al XVII secolo. La pianta è a croce latina- con ingresso rialzato. Ad eccezione della parte alta della facciata che risulta intonacata- il resto dell'edificio si caratterizza da finitura in pietra a faccia vista.,"Santa Maria di Farfa; territorio di Amiterno.",Buono,"RF III- 535- pp. 244-245-a. 1221-1222; ChF II- p.46- a. 1221(?)-1222(?).",,,,,".Pani Ermini 1980 pp. 51-52; Zeno-Docchio 1989 pag. 334.",894 (Fonti farfesi),,,,0,0,
52,Sanctae Mariae in duas basilicas,S. Maria in Basilica,Villa Santa Maria,Chieti,Chiesa,La pianta dell'edificio presenta una forma assolutamente atipica- risultante dagli innumerevoli ampliamenti e modifiche apportate nel tempo. L'interno è a tre navate di cui quella centrale più ampia. Quelle laterali sono caratterizzate dalla presenza di piccole cappelle. Il presbiterio è orientato verso ovest. La struttura non presenta absidi.,S.Vincenzo al Volturno- ordine Benedettino Maschile.,Buono,"ANTINORI- Corografia- XL- p. 576; XLII- p. 421-601-613-624-634-637-639-641; ANTINORI- AnnaliIV bis sub. a. 819; Ivpp. 312- 313- 316; 479-481-482; V pp. 61-83-124-455-543-556; VI p.79; REG: M: C. p.281 n°682 ( a. 1398)-p. 331 n°803 ( a. 1444) P. 355 n° 858 ( a. 1466); F. FEDERICI- Chronicon  Vulturnense del monaco Giovanni- Roma 1925;  A.LUBIN- Abbatiarum Italiae- brevis notitia quarum tam excirsarum- quam extantium- titulus- ordo-diocesis- fundatio- mutationes situs-etc.1693. P.43; P. SELLA- Rationes Decimarum- Roma 1935.",,,,,"M.BUONOCORE  - G.FIRPO - fonti latine e greche per la storia D'Abruzzo- in Documenti per la storia d'Abruzzo- Deputazione abruzzese di Storia Patria- II- 1-2- L'Aquila 1998.A. DI LELLO- Storia di Villa S. Maria- Lanciano- 1978 V. FIORITI-  Il santuario della Madonna in Basilica a Villa S.Maria- Pescara-1968;FELLER L.- Les Abruzzes mèdievales. Territoire- èconomie et societè en italie centrale du IX e ou XIIe siecle- Roma 1998. FIRPO G.- La storia e le istituzioni dal IV secolo a. C. all'età imperiale- in Chieti e la sua provincia- Chieti 1990.F. IENGO-E.GIANCRISTOFARO- Cultura del Sangro- Lanciano- 1997; E. MIGLARIO- Uomini terre e strade. Aspetti dell'italia centroappenninica fra tarda-antichità e alto medioevo- Bari- 1995; F.MARAZZI-S.Vincenzo al Volturno. Cultura- istituzioni economia- Isernia- 1996; G. SALVI- Tra le badie benedettine  dell'archidiocesi di Chieti- 1958; D. PAOLINI- tesi di laurea: La chiesa di S.Maria in Basilica presso l'antico abitato di Villa Santa Maria- Chieti 2005- pp. 1-47.L. PELLEGRINI- La città e il territorio nell'altomedioevo- in Chieti e la sua provincia- Chieti 1990.L. PELLEGRINI - Abruzzo medievale- Cava dei tirreni (SA) 1988.  D. TINTO- La chiesa di S. Maria in Basilica presso Villa S. Maria- Villa S. Maria- 1921;",VIII (FEDERICI- Vol.I-pag.135- anni 689-706.),"Chron. Vult.- vol. II- doc. n° 99 (anno 941); 103(anno951); 106 ( anno 944); 116 (anno 962);",VIII,,0,0,
53,Sanctae Mariae de Letto,S. Maria di Montelanizio,Lettopalena,Chieti,Monastero,L'impianto planimetrico della chiesa è monoabsidato a tre navate- costituito da due grandi campate molto grandi. Le tre navate hanno tutte dimensioni differenti- ma quella centrale risulta la più grande. Sono delimitate da pilastri rettandolari su cui si impostano archi a tutto sesto. Il presbiterio è rialzato su un podio di quattro gradini. La chiesa non presenta un transetto. Originariamente potrebbe essere stato dotato di cripta.,Prima alla diocesi di Chieti- poi rientrerà nella diocesi di Valva e Sulmona. L'ordine monastico è benedettino maschile.,Discreto,"ANTINORI- Annali delgli Abruzzi dall'epoca preromana sino all'anno 1717 dell'era volgare- Bologna- vol. VIII- pp.205-503-506. ANTINORI- Corografia Storica degli Abbruzzi- XLII- pp. 613-614-637- 639-641- XXXI- pp. 61-547-549.CELIDONIO G.- La diocesi di Valva e Sulmona- volumi I- II- III- Sulmona 1909-1912.D'AVINO V:- Cenni storici sulle chiese arcivescovili e prelatizie delle due Sicilie- Napoli 1848. DE MATTEIS- Memorie Storiche dei Peligni- ms. XVIII sec. ;De NINNO- Palena lettopalena e Montenerodomo nel 1952-"" R. A. S. L. A""- 1904; DE NINNO A.-Scoperte archeologiche- in Deputazione abruzzese di Storia Patria ( a cura di ) E. Mattiocco- L'Aquila. DI PIETRO- Memorie storiche della città di Sulmona- Napoli 1804. .""LUBIN A.- Abbatiarum Italiae brevis notitia- Roma 1963- p. 189. C. MARCIANI- regesti- Fondo Marciani- biblio.Com. "" P. Liberatore"" Lanciano ( CH); SELLA P.- Rationes decimarum Italiae- Città del Vaticano-1 1936- pp. 63-64-69-95- 103- 116- 285.UGHELLI F.- Italia Sacra- Venezia- 1717-22- VI- pp. 849-876-877.",,,,,"ABBATE E.- Guida dell'Abruzzo- Roma 1903;  BERTAUX E.- L'art dans l'Italie meridionale- Parigi 1904; BINDI V. Monumenti storici e artistici degli Abruzzi- NAPOLI 1884;  CARBONARA G.-Jussu Desiderii- Roma 1972; D'ANTONIO M. - Abbazie benedettine in Abruzzo-2003- Pescara-p.156; DE LEONIBUS D:; L'abbazia benedettina di Santa Maria in Monteplanizio- In Atti del convegno di Archeologia- 1996- pp. 231-245; L. FELLER - Les Abruzzes mèdievales. Territoire- èconomie et societè en italie centrale du IX e ou XIIe siecle- Roma 1998. GAVINI I.C. Storia dell'architettura in Abruzzo- Milano 1929;L. PELLEGRINI- La città e il territorio nell'altomedioevo- in Chieti e la sua provincia- Chieti 1990.  PELLEGRINI L.- Abruzzo medievale- Cava dei tirreni (SA) 1988. PIETRANTONIO U.- Il monachesimo benedettino nell'Abruzzo e nel Molise- Lanciano-1988-p.205. PRIORI D.- Badie e Conventi benedettini d'Abruzzo e Molise- Lanciano 1950\51;  RASETTI G.- Montecassino e l'Abruzzo- Pescara- 1940; SCOLARI A.- Fondazioni monastiche e origine d'insediamenti monastici medioevali- "" Architettura Abruzzese""- L'Aquila- 1980.",XI (DE MATTEIS),"1065 (LUBIN 17717-22- pp.849- 876-877); 1115- 1173- 1208- 1197- 1127 (ANTINORI- Annali- Vol. VIII- p. 165); 1163 (notizia del Chron.Casauriense riportata dal CELIDONIO 1909-12- vol.IV- p.141); 1281 (C.D.S. N. LXXII)",XI,,0,0,
55,Castello di Barete,Castello di Barete,Barete,L'Aquila,Fortificazione,Allo stato attuale- l'intero complesso risulta costruito da almeno due corpi di fabbrica distinti e non contemporanei: un recinto esterno di forma quadrilatera e una torre poligonale sullo sperone roccioso al centro del recinto.,,Rudere,"Lib. Larg.- vol. I- doc. 152; Cat. Bar.- cap. 1143-
p. 227",,,,,"REDI 2017; FORGIONE 2018.",952 (Lib. Larg.- vol. I- doc. 152),,IX-XIII,,0,0,
